"sample_id","class"
"sample_1","ALL"
"sample_2","ALL"
"sample_3","ALL"
"sample_4","ALL"
"sample_5","ALL"
"sample_6","ALL"
"sample_7","ALL"
"sample_8","ALL"
"sample_9","ALL"
"sample_10","ALL"
"sample_11","ALL"
"sample_12","ALL"
"sample_13","ALL"
"sample_14","ALL"
"sample_15","ALL"
"sample_16","ALL"
"sample_17","ALL"
"sample_18","ALL"
"sample_19","ALL"
"sample_20","ALL"
"sample_21","ALL"
"sample_22","ALL"
"sample_23","ALL"
"sample_24","ALL"
"sample_25","ALL"
"sample_26","ALL"
"sample_27","ALL"
"sample_28","AML"
"sample_29","AML"
"sample_30","AML"
"sample_31","AML"
"sample_32","AML"
"sample_33","AML"
"sample_34","AML"
"sample_35","AML"
"sample_36","AML"
"sample_37","AML"
"sample_38","AML"
